INSERT INTO copart.public.body (id, type) VALUES (1, 'sedan');
INSERT INTO copart.public.body (id, type) VALUES (2, 'coupe');
INSERT INTO copart.public.body (id, type) VALUES (3, 'pickup');
INSERT INTO copart.public.body (id, type) VALUES (4, 'motorcycle');
INSERT INTO copart.public.body (id, type) VALUES (5, 'sportcar/hipercar');
INSERT INTO copart.public.country (id, abbreviation, country_name) VALUES (1, 'GER', 'German');
INSERT INTO copart.public.country (id, abbreviation, country_name) VALUES (2, 'JP', 'Japan');
INSERT INTO copart.public.country (id, abbreviation, country_name) VALUES (3, 'USA', 'USA');
INSERT INTO copart.public.country (id, abbreviation, country_name) VALUES (4, 'UKR', 'Ukrain');
INSERT INTO copart.public.country (id, abbreviation, country_name) VALUES (5, 'POL', 'Poland');
INSERT INTO copart.public.damage (id, damage) VALUES (1, 'burn');
INSERT INTO copart.public.damage (id, damage) VALUES (2, 'top/roof');
INSERT INTO copart.public.damage (id, damage) VALUES (3, 'rollover');
INSERT INTO copart.public.engine (id, capacity, cylinder, engine_type, fuel_type, name, power) VALUES (1, '3453', 6, 'R', 'gas', 'M20B20', 255);
INSERT INTO copart.public.engine (id, capacity, cylinder, engine_type, fuel_type, name, power) VALUES (2, '2302', 4, 'R', 'gas', 'F10', 189);
INSERT INTO copart.public.engine (id, capacity, cylinder, engine_type, fuel_type, name, power) VALUES (3, '1170', 2, 'Oposit', 'gas', 'R1200GS', 109);
INSERT INTO copart.public.engine (id, capacity, cylinder, engine_type, fuel_type, name, power) VALUES (4, '3000', 6, 'R', 'gas', '2JZ-GTE', 280);
INSERT INTO copart.public.engine (id, capacity, cylinder, engine_type, fuel_type, name, power) VALUES (5, '5500', 8, 'V', 'gas', 'Hemmi', 175);
INSERT INTO copart.public.engine (id, capacity, cylinder, engine_type, fuel_type, name, power) VALUES (6, '125', 1, '1', 'gas', 'CG125', 11);
INSERT INTO copart.public.engine (id, capacity, cylinder, engine_type, fuel_type, name, power) VALUES (7, '4000', 12, 'V', 'gas', 'F40', 300);
INSERT INTO copart.public.feature (id, feature) VALUES (1, 'Climat control');
INSERT INTO copart.public.feature (id, feature) VALUES (2, 'panoramas roof');
INSERT INTO copart.public.location (id, city, postal_code, country_id) VALUES (1, 'Lviv', '74156', 4);
INSERT INTO copart.public.location (id, city, postal_code, country_id) VALUES (2, 'Kyiv', '45856', 4);
INSERT INTO copart.public.location (id, city, postal_code, country_id) VALUES (3, 'Ternopil', '68498', 4);
INSERT INTO copart.public.location (id, city, postal_code, country_id) VALUES (4, 'Dresden', 'DR548', 1);
INSERT INTO copart.public.location (id, city, postal_code, country_id) VALUES (5, 'Krakow', '67846', 5);
INSERT INTO copart.public.lot (id, current_bid, finish_date_time, start_bid, start_date_time) VALUES (1, 0, '2019-11-30 14:16:51', 0, '2019-11-15 14:16:51');
INSERT INTO copart.public.lot (id, current_bid, finish_date_time, start_bid, start_date_time) VALUES (2, 0, '2019-11-30 14:16:57', 0, '2019-11-15 14:16:57');
INSERT INTO copart.public.lot (id, current_bid, finish_date_time, start_bid, start_date_time) VALUES (3, 0, '2019-11-30 14:17:00', 0, '2019-11-15 14:17:00');
INSERT INTO copart.public.lot (id, current_bid, finish_date_time, start_bid, start_date_time) VALUES (4, 0, '2019-11-30 14:17:05', 0, '2019-11-15 14:17:05');
INSERT INTO copart.public.lot (id, current_bid, finish_date_time, start_bid, start_date_time) VALUES (5, 0, '2019-11-30 14:17:08', 0, '2019-11-15 14:17:08');
INSERT INTO copart.public.lot (id, current_bid, finish_date_time, start_bid, start_date_time) VALUES (6, 0, '2019-11-30 14:17:11', 0, '2019-11-15 14:17:11');
INSERT INTO copart.public.lot (id, current_bid, finish_date_time, start_bid, start_date_time) VALUES (7, 0, '2019-11-30 14:17:16', 0, '2019-11-15 14:17:16');
INSERT INTO copart.public.lot (id, current_bid, finish_date_time, start_bid, start_date_time) VALUES (8, 0, '2019-11-30 14:17:19', 0, '2019-11-15 14:17:19');
INSERT INTO copart.public.lot (id, current_bid, finish_date_time, start_bid, start_date_time) VALUES (9, 0, '2019-11-30 14:17:27', 0, '2019-11-15 14:17:27');
INSERT INTO copart.public.make (id, name, country_id) VALUES (1, 'BMW', 1);
INSERT INTO copart.public.make (id, name, country_id) VALUES (2, 'Toyota', 2);
INSERT INTO copart.public.make (id, name, country_id) VALUES (3, 'Ford', 3);
INSERT INTO copart.public.make (id, name, country_id) VALUES (4, 'Yamaha', 2);
INSERT INTO copart.public.model (id, name, year, make_id) VALUES (1, 'M5', '2004', 1);
INSERT INTO copart.public.model (id, name, year, make_id) VALUES (2, 'M3', '2003', 1);
INSERT INTO copart.public.model (id, name, year, make_id) VALUES (3, 'Supra', '1997', 2);
INSERT INTO copart.public.model (id, name, year, make_id) VALUES (4, 'Mustang', '1964', 3);
INSERT INTO copart.public.model (id, name, year, make_id) VALUES (5, 'YBR 125', '2010', 4);
INSERT INTO copart.public.model (id, name, year, make_id) VALUES (6, 'AE86', '1986', 2);
INSERT INTO copart.public.model (id, name, year, make_id) VALUES (7, 'GT40', '1970', 3);
INSERT INTO copart.public.model (id, name, year, make_id) VALUES (8, 'R1200GS', '2004', 1);
INSERT INTO copart.public.transmission (id, gear, type) VALUES (1, 5, 'classic');
INSERT INTO copart.public.transmission (id, gear, type) VALUES (2, 6, 'classic');
INSERT INTO copart.public.transmission (id, gear, type) VALUES (3, 8, 'DSG');
INSERT INTO copart.public.transmission (id, gear, type) VALUES (4, 7, 'DSG');
INSERT INTO copart.public.transmission (id, gear, type) VALUES (5, 4, 'hydramatic');
INSERT INTO copart.public.transmission (id, gear, type) VALUES (6, 5, 'hydramatic');
INSERT INTO copart.public.transmission (id, gear, type) VALUES (7, 5, 'sequential');
INSERT INTO copart.public.transmission (id, gear, type) VALUES (8, 6, 'sequential');
INSERT INTO copart.public.type (id, vehicle_type) VALUES (1, 'car');
INSERT INTO copart.public.type (id, vehicle_type) VALUES (2, 'motorcycle');



INSERT INTO copart.public.users (id, email, name, password, phone, surname) VALUES (1, 'stepan.lys98@gmail.com', 'Stepan', '123', '0968153200', 'Lys');
INSERT INTO copart.public.users (id, email, name, password, phone, surname) VALUES (2, 'email@ukr.net', 'Ivan', '123', '0935469782', 'Ivaniv');
INSERT INTO copart.public.users (id, email, name, password, phone, surname) VALUES (3, 'email@gmail.com', 'Vasyl', '123', '0935469382', 'Vasyliv');
INSERT INTO copart.public.users (id, email, name, password, phone, surname) VALUES (4, 'somemail@gmail.com', 'Jonh', '123', '0935419782', 'Jonhson');
INSERT INTO copart.public.vehicle (id, vin, description, odometer, url_to_picture, year, body_id, engine_id, location_id, make_id, model_id, user_id, transmission_id, type_id, lot_id) VALUES (1, 'string', 'string', '235481', 'ad91febd-4cc5-4cf2-966f-4b050b66b688.jpeg', '2006', 1, 1, 1, 1, 1, 1, 6, 1, 1);
INSERT INTO copart.public.vehicle (id, vin, description, odometer, url_to_picture, year, body_id, engine_id, location_id, make_id, model_id, user_id, transmission_id, type_id, lot_id) VALUES (2, 'string', 'string', '65486', 'ba382513-47dc-4f14-b7b7-5243c831bec5.jpg', '2008', 2, 2, 2, 1, 2, 2, 1, 1, 2);
INSERT INTO copart.public.vehicle (id, vin, description, odometer, url_to_picture, year, body_id, engine_id, location_id, make_id, model_id, user_id, transmission_id, type_id, lot_id) VALUES (3, 'string', 'string', '186168', 'ebb43b57-0979-4720-ba9a-8e7de0e481c1.jpg', '2012', 4, 6, 3, 4, 5, 3, 7, 2, 3);
INSERT INTO copart.public.vehicle (id, vin, description, odometer, url_to_picture, year, body_id, engine_id, location_id, make_id, model_id, user_id, transmission_id, type_id, lot_id) VALUES (4, 'string', 'string', '54155', 'efbd52dd-29db-451d-b72e-a64d4b9e90f1.jpeg', '2015', 5, 5, 4, 3, 7, 4, 5, 1, 4);
INSERT INTO copart.public.vehicle (id, vin, description, odometer, url_to_picture, year, body_id, engine_id, location_id, make_id, model_id, user_id, transmission_id, type_id, lot_id) VALUES (5, 'string', 'string', '54951', 'b126b04f-cab9-4ac6-8336-2356b55fabea.jpeg', '2011', 2, 1, 2, 1, 1, 4, 2, 1, 5);
INSERT INTO copart.public.vehicle (id, vin, description, odometer, url_to_picture, year, body_id, engine_id, location_id, make_id, model_id, user_id, transmission_id, type_id, lot_id) VALUES (6, 'string', 'string', '305481', '60e8b23b-8d01-4213-81c4-1eb5e142ffe6.jpg', '1990', 2, 4, 5, 2, 3, 4, 6, 1, 6);
INSERT INTO copart.public.vehicle (id, vin, description, odometer, url_to_picture, year, body_id, engine_id, location_id, make_id, model_id, user_id, transmission_id, type_id, lot_id) VALUES (7, 'string', 'string', '504892', 'f665807c-e625-4631-b35c-c016f2906219.jpeg', '1988', 4, 3, 4, 1, 8, 2, 8, 2, 7);
INSERT INTO copart.public.vehicle (id, vin, description, odometer, url_to_picture, year, body_id, engine_id, location_id, make_id, model_id, user_id, transmission_id, type_id, lot_id) VALUES (8, 'string', 'string', '189135', 'c01c6072-25ae-4277-862e-5deca5be39e5.jpg', '2013', 1, 4, 1, 2, 6, 1, 5, 1, 8);
INSERT INTO copart.public.vehicle (id, vin, description, odometer, url_to_picture, year, body_id, engine_id, location_id, make_id, model_id, user_id, transmission_id, type_id, lot_id) VALUES (9, 'string', 'string', '254896', '85c00531-f130-4214-9b4c-626ce73c134a.jpg', '2004', 1, 7, 2, 3, 4, 3, 2, 1, 9);
INSERT INTO copart.public.vehicle_damage (vehicle_id, damage_id) VALUES (1, 1);
INSERT INTO copart.public.vehicle_damage (vehicle_id, damage_id) VALUES (2, 2);
INSERT INTO copart.public.vehicle_damage (vehicle_id, damage_id) VALUES (2, 3);
INSERT INTO copart.public.vehicle_damage (vehicle_id, damage_id) VALUES (3, 1);
INSERT INTO copart.public.vehicle_damage (vehicle_id, damage_id) VALUES (4, 1);
INSERT INTO copart.public.vehicle_damage (vehicle_id, damage_id) VALUES (5, 1);
INSERT INTO copart.public.vehicle_damage (vehicle_id, damage_id) VALUES (6, 2);
INSERT INTO copart.public.vehicle_damage (vehicle_id, damage_id) VALUES (7, 1);
INSERT INTO copart.public.vehicle_damage (vehicle_id, damage_id) VALUES (7, 2);
INSERT INTO copart.public.vehicle_feature (vehicle_id, feature_id) VALUES (1, 1);
INSERT INTO copart.public.vehicle_feature (vehicle_id, feature_id) VALUES (2, 2);
INSERT INTO copart.public.vehicle_feature (vehicle_id, feature_id) VALUES (3, 2);
INSERT INTO copart.public.vehicle_feature (vehicle_id, feature_id) VALUES (4, 1);
INSERT INTO copart.public.vehicle_feature (vehicle_id, feature_id) VALUES (5, 1);
INSERT INTO copart.public.vehicle_feature (vehicle_id, feature_id) VALUES (5, 2);
INSERT INTO copart.public.vehicle_feature (vehicle_id, feature_id) VALUES (6, 1);
INSERT INTO copart.public.vehicle_feature (vehicle_id, feature_id) VALUES (7, 1);
INSERT INTO copart.public.vehicle_feature (vehicle_id, feature_id) VALUES (7, 2);
INSERT INTO copart.public.user_lot(user_id, lot_id) values (1,1);
INSERT INTO copart.public.user_lot(user_id, lot_id) values (1,2);
INSERT INTO copart.public.user_lot(user_id, lot_id) values (1,3);
INSERT INTO copart.public.user_lot(user_id, lot_id) values (2,1);
INSERT INTO copart.public.user_lot(user_id, lot_id) values (2,8);
INSERT INTO copart.public.user_lot(user_id, lot_id) values (3,5);
INSERT INTO copart.public.user_lot(user_id, lot_id) values (3,7);
INSERT INTO copart.public.user_lot(user_id, lot_id) values (4,9);
INSERT INTO copart.public.user_lot(user_id, lot_id) values (4,4);